,MAE,RMSE
ARIMA,1738.8192754052534,2291.0839017958187
Prophet,3375.49296214511,3848.603543832674
LSTM,1278.0221792367788,2019.4334328306238
GRU,1279.8904371995193,1899.401785894357
