Disease,RMSE,MAE,MAPE
chickenpox,22.68596167774651,17.516383342253857,32.54052667432358
