Disease,RMSE,MAE,MAPE
Giardiasis,35.06202860259984,28.072729306343273,33.27280106895283
